species,year,occupancy ,Apple,Field Bean,Oilseed Rape
Andrena bicolor,1985,0.589323184,0,0,1
Andrena bicolor,1986,0.575785961,0,0,1
Andrena bicolor,1987,0.570076437,0,0,1
Andrena bicolor,1988,0.577378115,0,0,1
Andrena bicolor,1989,0.586859715,0,0,1
Andrena bicolor,1990,0.593402858,0,0,1
Andrena bicolor,1991,0.592013313,0,0,1
Andrena bicolor,1992,0.582401845,0,0,1
Andrena bicolor,1993,0.562337781,0,0,1
Andrena bicolor,1994,0.551151264,0,0,1
Andrena bicolor,1995,0.553894322,0,0,1
Andrena bicolor,1996,0.541929011,0,0,1
Andrena bicolor,1997,0.509267565,0,0,1
Andrena bicolor,1998,0.47846239,0,0,1
Andrena bicolor,1999,0.454392676,0,0,1
Andrena bicolor,2000,0.427230528,0,0,1
Andrena bicolor,2001,0.411714883,0,0,1
Andrena bicolor,2002,0.391968534,0,0,1
Andrena bicolor,2003,0.396907692,0,0,1
Andrena bicolor,2004,0.417122082,0,0,1
Andrena bicolor,2005,0.440949554,0,0,1
Andrena bicolor,2006,0.45157055,0,0,1
Andrena bicolor,2007,0.451217723,0,0,1
Andrena bicolor,2008,0.468956283,0,0,1
Andrena bicolor,2009,0.442519173,0,0,1
Andrena bicolor,2010,0.395266914,0,0,1
Andrena bicolor,2011,0.387194274,0,0,1
Andrena bicolor,2012,0.393823479,0,0,1
Andrena bicolor,2013,0.373734602,0,0,1
Andrena bicolor,2014,0.367188238,0,0,1
Andrena bicolor,2015,0.386168046,0,0,1
Andrena chrysosceles,1985,0.381878783,1,0,1
Andrena chrysosceles,1986,0.41007966,1,0,1
Andrena chrysosceles,1987,0.405183894,1,0,1
Andrena chrysosceles,1988,0.375449057,1,0,1
Andrena chrysosceles,1989,0.364396746,1,0,1
Andrena chrysosceles,1990,0.356973488,1,0,1
Andrena chrysosceles,1991,0.376560172,1,0,1
Andrena chrysosceles,1992,0.402002499,1,0,1
Andrena chrysosceles,1993,0.441223266,1,0,1
Andrena chrysosceles,1994,0.438998727,1,0,1
Andrena chrysosceles,1995,0.42928314,1,0,1
Andrena chrysosceles,1996,0.39592397,1,0,1
Andrena chrysosceles,1997,0.397303779,1,0,1
Andrena chrysosceles,1998,0.388155824,1,0,1
Andrena chrysosceles,1999,0.382272179,1,0,1
Andrena chrysosceles,2000,0.332953159,1,0,1
Andrena chrysosceles,2001,0.345374218,1,0,1
Andrena chrysosceles,2002,0.338828673,1,0,1
Andrena chrysosceles,2003,0.33548821,1,0,1
Andrena chrysosceles,2004,0.377799631,1,0,1
Andrena chrysosceles,2005,0.407932375,1,0,1
Andrena chrysosceles,2006,0.364940642,1,0,1
Andrena chrysosceles,2007,0.327068016,1,0,1
Andrena chrysosceles,2008,0.33858076,1,0,1
Andrena chrysosceles,2009,0.322243575,1,0,1
Andrena chrysosceles,2010,0.329179494,1,0,1
Andrena chrysosceles,2011,0.309266492,1,0,1
Andrena chrysosceles,2012,0.317946066,1,0,1
Andrena chrysosceles,2013,0.251556098,1,0,1
Andrena chrysosceles,2014,0.266775421,1,0,1
Andrena chrysosceles,2015,0.271109707,1,0,1
Andrena cineraria,1985,0.083355373,1,0,1
Andrena cineraria,1986,0.079910161,1,0,1
Andrena cineraria,1987,0.072706989,1,0,1
Andrena cineraria,1988,0.077312237,1,0,1
Andrena cineraria,1989,0.082107014,1,0,1
Andrena cineraria,1990,0.083246592,1,0,1
Andrena cineraria,1991,0.099543854,1,0,1
Andrena cineraria,1992,0.100535284,1,0,1
Andrena cineraria,1993,0.105971254,1,0,1
Andrena cineraria,1994,0.110238221,1,0,1
Andrena cineraria,1995,0.112760356,1,0,1
Andrena cineraria,1996,0.100267947,1,0,1
Andrena cineraria,1997,0.105972992,1,0,1
Andrena cineraria,1998,0.119841691,1,0,1
Andrena cineraria,1999,0.135079915,1,0,1
Andrena cineraria,2000,0.163674461,1,0,1
Andrena cineraria,2001,0.14801364,1,0,1
Andrena cineraria,2002,0.151556108,1,0,1
Andrena cineraria,2003,0.139213007,1,0,1
Andrena cineraria,2004,0.158907139,1,0,1
Andrena cineraria,2005,0.183205972,1,0,1
Andrena cineraria,2006,0.178921693,1,0,1
Andrena cineraria,2007,0.217626746,1,0,1
Andrena cineraria,2008,0.231478845,1,0,1
Andrena cineraria,2009,0.188676665,1,0,1
Andrena cineraria,2010,0.215955501,1,0,1
Andrena cineraria,2011,0.312974893,1,0,1
Andrena cineraria,2012,0.337265306,1,0,1
Andrena cineraria,2013,0.318749798,1,0,1
Andrena cineraria,2014,0.323500719,1,0,1
Andrena cineraria,2015,0.323723381,1,0,1
Andrena dorsata,1985,0.185137393,1,0,1
Andrena dorsata,1986,0.198062069,1,0,1
Andrena dorsata,1987,0.197490189,1,0,1
Andrena dorsata,1988,0.187289745,1,0,1
Andrena dorsata,1989,0.17594906,1,0,1
Andrena dorsata,1990,0.194263971,1,0,1
Andrena dorsata,1991,0.254935209,1,0,1
Andrena dorsata,1992,0.329600791,1,0,1
Andrena dorsata,1993,0.336754519,1,0,1
Andrena dorsata,1994,0.350012078,1,0,1
Andrena dorsata,1995,0.393823479,1,0,1
Andrena dorsata,1996,0.442103356,1,0,1
Andrena dorsata,1997,0.381151933,1,0,1
Andrena dorsata,1998,0.397407079,1,0,1
Andrena dorsata,1999,0.432338392,1,0,1
Andrena dorsata,2000,0.483400579,1,0,1
Andrena dorsata,2001,0.467561754,1,0,1
Andrena dorsata,2002,0.456025994,1,0,1
Andrena dorsata,2003,0.464361906,1,0,1
Andrena dorsata,2004,0.526525856,1,0,1
Andrena dorsata,2005,0.523907557,1,0,1
Andrena dorsata,2006,0.514530234,1,0,1
Andrena dorsata,2007,0.488367787,1,0,1
Andrena dorsata,2008,0.479608898,1,0,1
Andrena dorsata,2009,0.458623454,1,0,1
Andrena dorsata,2010,0.467816308,1,0,1
Andrena dorsata,2011,0.487614551,1,0,1
Andrena dorsata,2012,0.468543448,1,0,1
Andrena dorsata,2013,0.395687615,1,0,1
Andrena dorsata,2014,0.402766035,1,0,1
Andrena dorsata,2015,0.42737664,1,0,1
Andrena flavipes,1985,0.300269989,1,0,1
Andrena flavipes,1986,0.295606455,1,0,1
Andrena flavipes,1987,0.258147725,1,0,1
Andrena flavipes,1988,0.239223876,1,0,1
Andrena flavipes,1989,0.249633263,1,0,1
Andrena flavipes,1990,0.28151021,1,0,1
Andrena flavipes,1991,0.318514916,1,0,1
Andrena flavipes,1992,0.310152974,1,0,1
Andrena flavipes,1993,0.301505764,1,0,1
Andrena flavipes,1994,0.322159665,1,0,1
Andrena flavipes,1995,0.352626336,1,0,1
Andrena flavipes,1996,0.406015824,1,0,1
Andrena flavipes,1997,0.382158563,1,0,1
Andrena flavipes,1998,0.400091818,1,0,1
Andrena flavipes,1999,0.397505858,1,0,1
Andrena flavipes,2000,0.418922526,1,0,1
Andrena flavipes,2001,0.455292976,1,0,1
Andrena flavipes,2002,0.429029034,1,0,1
Andrena flavipes,2003,0.445772199,1,0,1
Andrena flavipes,2004,0.451422153,1,0,1
Andrena flavipes,2005,0.466038773,1,0,1
Andrena flavipes,2006,0.476863645,1,0,1
Andrena flavipes,2007,0.469296999,1,0,1
Andrena flavipes,2008,0.420605379,1,0,1
Andrena flavipes,2009,0.378563903,1,0,1
Andrena flavipes,2010,0.382347835,1,0,1
Andrena flavipes,2011,0.367315449,1,0,1
Andrena flavipes,2012,0.341618477,1,0,1
Andrena flavipes,2013,0.319495425,1,0,1
Andrena flavipes,2014,0.321149235,1,0,1
Andrena flavipes,2015,0.38585659,1,0,1
Andrena fulva,1985,0.385696635,1,0,1
Andrena fulva,1986,0.421560661,1,0,1
Andrena fulva,1987,0.448762583,1,0,1
Andrena fulva,1988,0.463650488,1,0,1
Andrena fulva,1989,0.447488715,1,0,1
Andrena fulva,1990,0.427799592,1,0,1
Andrena fulva,1991,0.393142314,1,0,1
Andrena fulva,1992,0.382254909,1,0,1
Andrena fulva,1993,0.391348527,1,0,1
Andrena fulva,1994,0.433917282,1,0,1
Andrena fulva,1995,0.435957302,1,0,1
Andrena fulva,1996,0.377797975,1,0,1
Andrena fulva,1997,0.367789162,1,0,1
Andrena fulva,1998,0.335243394,1,0,1
Andrena fulva,1999,0.323353117,1,0,1
Andrena fulva,2000,0.331436338,1,0,1
Andrena fulva,2001,0.353251509,1,0,1
Andrena fulva,2002,0.342410675,1,0,1
Andrena fulva,2003,0.351928902,1,0,1
Andrena fulva,2004,0.349395507,1,0,1
Andrena fulva,2005,0.326195377,1,0,1
Andrena fulva,2006,0.315805868,1,0,1
Andrena fulva,2007,0.299401713,1,0,1
Andrena fulva,2008,0.310235866,1,0,1
Andrena fulva,2009,0.317371918,1,0,1
Andrena fulva,2010,0.329987936,1,0,1
Andrena fulva,2011,0.340830128,1,0,1
Andrena fulva,2012,0.341812343,1,0,1
Andrena fulva,2013,0.382142137,1,0,1
Andrena fulva,2014,0.42344547,1,0,1
Andrena fulva,2015,0.453036935,1,0,1
Andrena haemorrhoa,1985,0.732010835,1,0,1
Andrena haemorrhoa,1986,0.737543879,1,0,1
Andrena haemorrhoa,1987,0.749921985,1,0,1
Andrena haemorrhoa,1988,0.761523482,1,0,1
Andrena haemorrhoa,1989,0.76302382,1,0,1
Andrena haemorrhoa,1990,0.765497108,1,0,1
Andrena haemorrhoa,1991,0.760330387,1,0,1
Andrena haemorrhoa,1992,0.751302447,1,0,1
Andrena haemorrhoa,1993,0.741435814,1,0,1
Andrena haemorrhoa,1994,0.731381134,1,0,1
Andrena haemorrhoa,1995,0.728596878,1,0,1
Andrena haemorrhoa,1996,0.732660606,1,0,1
Andrena haemorrhoa,1997,0.727935061,1,0,1
Andrena haemorrhoa,1998,0.711912478,1,0,1
Andrena haemorrhoa,1999,0.704463529,1,0,1
Andrena haemorrhoa,2000,0.694916134,1,0,1
Andrena haemorrhoa,2001,0.681962216,1,0,1
Andrena haemorrhoa,2002,0.690429453,1,0,1
Andrena haemorrhoa,2003,0.699051842,1,0,1
Andrena haemorrhoa,2004,0.696525899,1,0,1
Andrena haemorrhoa,2005,0.687142035,1,0,1
Andrena haemorrhoa,2006,0.688410877,1,0,1
Andrena haemorrhoa,2007,0.670850055,1,0,1
Andrena haemorrhoa,2008,0.677343473,1,0,1
Andrena haemorrhoa,2009,0.658169807,1,0,1
Andrena haemorrhoa,2010,0.636154518,1,0,1
Andrena haemorrhoa,2011,0.655782731,1,0,1
Andrena haemorrhoa,2012,0.637139399,1,0,1
Andrena haemorrhoa,2013,0.635627553,1,0,1
Andrena haemorrhoa,2014,0.654422991,1,0,1
Andrena haemorrhoa,2015,0.708528218,1,0,1
Andrena minutula,1985,0.498004606,1,0,1
Andrena minutula,1986,0.49509025,1,0,1
Andrena minutula,1987,0.48376821,1,0,1
Andrena minutula,1988,0.483234622,1,0,1
Andrena minutula,1989,0.487606205,1,0,1
Andrena minutula,1990,0.50721261,1,0,1
Andrena minutula,1991,0.516195767,1,0,1
Andrena minutula,1992,0.524171905,1,0,1
Andrena minutula,1993,0.523220414,1,0,1
Andrena minutula,1994,0.51664518,1,0,1
Andrena minutula,1995,0.505327156,1,0,1
Andrena minutula,1996,0.502121255,1,0,1
Andrena minutula,1997,0.508703526,1,0,1
Andrena minutula,1998,0.501871694,1,0,1
Andrena minutula,1999,0.51762968,1,0,1
Andrena minutula,2000,0.526682019,1,0,1
Andrena minutula,2001,0.492678087,1,0,1
Andrena minutula,2002,0.468138477,1,0,1
Andrena minutula,2003,0.458245466,1,0,1
Andrena minutula,2004,0.466984286,1,0,1
Andrena minutula,2005,0.460213886,1,0,1
Andrena minutula,2006,0.454706252,1,0,1
Andrena minutula,2007,0.449098157,1,0,1
Andrena minutula,2008,0.430427106,1,0,1
Andrena minutula,2009,0.41860043,1,0,1
Andrena minutula,2010,0.414533448,1,0,1
Andrena minutula,2011,0.422837551,1,0,1
Andrena minutula,2012,0.387485181,1,0,1
Andrena minutula,2013,0.401522975,1,0,1
Andrena minutula,2014,0.401527404,1,0,1
Andrena minutula,2015,0.407260532,1,0,1
Andrena nigroaenea,1985,0.516854852,1,0,1
Andrena nigroaenea,1986,0.572776642,1,0,1
Andrena nigroaenea,1987,0.582188605,1,0,1
Andrena nigroaenea,1988,0.586081169,1,0,1
Andrena nigroaenea,1989,0.624873609,1,0,1
Andrena nigroaenea,1990,0.617545653,1,0,1
Andrena nigroaenea,1991,0.625081567,1,0,1
Andrena nigroaenea,1992,0.616859445,1,0,1
Andrena nigroaenea,1993,0.61468464,1,0,1
Andrena nigroaenea,1994,0.607427587,1,0,1
Andrena nigroaenea,1995,0.592005208,1,0,1
Andrena nigroaenea,1996,0.560393097,1,0,1
Andrena nigroaenea,1997,0.517085611,1,0,1
Andrena nigroaenea,1998,0.482100226,1,0,1
Andrena nigroaenea,1999,0.526859865,1,0,1
Andrena nigroaenea,2000,0.565511484,1,0,1
Andrena nigroaenea,2001,0.501314659,1,0,1
Andrena nigroaenea,2002,0.440638222,1,0,1
Andrena nigroaenea,2003,0.365221424,1,0,1
Andrena nigroaenea,2004,0.367302906,1,0,1
Andrena nigroaenea,2005,0.463207441,1,0,1
Andrena nigroaenea,2006,0.494738507,1,0,1
Andrena nigroaenea,2007,0.484188869,1,0,1
Andrena nigroaenea,2008,0.482002465,1,0,1
Andrena nigroaenea,2009,0.409530788,1,0,1
Andrena nigroaenea,2010,0.4704382,1,0,1
Andrena nigroaenea,2011,0.463063581,1,0,1
Andrena nigroaenea,2012,0.425333259,1,0,1
Andrena nigroaenea,2013,0.405674422,1,0,1
Andrena nigroaenea,2014,0.370190213,1,0,1
Andrena nigroaenea,2015,0.426660726,1,0,1
Andrena nitida,1985,0.321031057,1,0,1
Andrena nitida,1986,0.316627797,1,0,1
Andrena nitida,1987,0.33308826,1,0,1
Andrena nitida,1988,0.347300017,1,0,1
Andrena nitida,1989,0.351602154,1,0,1
Andrena nitida,1990,0.355283109,1,0,1
Andrena nitida,1991,0.375893321,1,0,1
Andrena nitida,1992,0.398425466,1,0,1
Andrena nitida,1993,0.41081758,1,0,1
Andrena nitida,1994,0.412184812,1,0,1
Andrena nitida,1995,0.39965008,1,0,1
Andrena nitida,1996,0.410420781,1,0,1
Andrena nitida,1997,0.419955674,1,0,1
Andrena nitida,1998,0.404155663,1,0,1
Andrena nitida,1999,0.456204776,1,0,1
Andrena nitida,2000,0.45974279,1,0,1
Andrena nitida,2001,0.436185138,1,0,1
Andrena nitida,2002,0.412084758,1,0,1
Andrena nitida,2003,0.396567324,1,0,1
Andrena nitida,2004,0.44083819,1,0,1
Andrena nitida,2005,0.496425458,1,0,1
Andrena nitida,2006,0.502949228,1,0,1
Andrena nitida,2007,0.439049794,1,0,1
Andrena nitida,2008,0.446255962,1,0,1
Andrena nitida,2009,0.38326096,1,0,1
Andrena nitida,2010,0.390195437,1,0,1
Andrena nitida,2011,0.430438672,1,0,1
Andrena nitida,2012,0.447232233,1,0,1
Andrena nitida,2013,0.37837762,1,0,1
Andrena nitida,2014,0.335218299,1,0,1
Andrena nitida,2015,0.379206843,1,0,1
Andrena scotica,1985,0.685751621,1,0,1
Andrena scotica,1986,0.663813958,1,0,1
Andrena scotica,1987,0.667215298,1,0,1
Andrena scotica,1988,0.677614576,1,0,1
Andrena scotica,1989,0.713798057,1,0,1
Andrena scotica,1990,0.717679518,1,0,1
Andrena scotica,1991,0.736288193,1,0,1
Andrena scotica,1992,0.765266945,1,0,1
Andrena scotica,1993,0.736063942,1,0,1
Andrena scotica,1994,0.734531265,1,0,1
Andrena scotica,1995,0.727119035,1,0,1
Andrena scotica,1996,0.706086242,1,0,1
Andrena scotica,1997,0.689189497,1,0,1
Andrena scotica,1998,0.662420588,1,0,1
Andrena scotica,1999,0.603269682,1,0,1
Andrena scotica,2000,0.59345664,1,0,1
Andrena scotica,2001,0.522093851,1,0,1
Andrena scotica,2002,0.475197773,1,0,1
Andrena scotica,2003,0.455118458,1,0,1
Andrena scotica,2004,0.547696646,1,0,1
Andrena scotica,2005,0.601216507,1,0,1
Andrena scotica,2006,0.605983813,1,0,1
Andrena scotica,2007,0.545152828,1,0,1
Andrena scotica,2008,0.59972709,1,0,1
Andrena scotica,2009,0.539186465,1,0,1
Andrena scotica,2010,0.509894419,1,0,1
Andrena scotica,2011,0.538254348,1,0,1
Andrena scotica,2012,0.512096065,1,0,1
Andrena scotica,2013,0.494051951,1,0,1
Andrena scotica,2014,0.490636851,1,0,1
Andrena scotica,2015,0.601202573,1,0,1
Andrena subopaca,1985,0.439045546,0,0,1
Andrena subopaca,1986,0.438706835,0,0,1
Andrena subopaca,1987,0.441041545,0,0,1
Andrena subopaca,1988,0.448397493,0,0,1
Andrena subopaca,1989,0.43458506,0,0,1
Andrena subopaca,1990,0.419480794,0,0,1
Andrena subopaca,1991,0.437662087,0,0,1
Andrena subopaca,1992,0.458862442,0,0,1
Andrena subopaca,1993,0.459598632,0,0,1
Andrena subopaca,1994,0.467200978,0,0,1
Andrena subopaca,1995,0.459956998,0,0,1
Andrena subopaca,1996,0.429351833,0,0,1
Andrena subopaca,1997,0.406813164,0,0,1
Andrena subopaca,1998,0.372831462,0,0,1
Andrena subopaca,1999,0.392578382,0,0,1
Andrena subopaca,2000,0.411209808,0,0,1
Andrena subopaca,2001,0.368495844,0,0,1
Andrena subopaca,2002,0.351461697,0,0,1
Andrena subopaca,2003,0.322465484,0,0,1
Andrena subopaca,2004,0.317397186,0,0,1
Andrena subopaca,2005,0.333484661,0,0,1
Andrena subopaca,2006,0.323375794,0,0,1
Andrena subopaca,2007,0.30373984,0,0,1
Andrena subopaca,2008,0.3736061,0,0,1
Andrena subopaca,2009,0.365424182,0,0,1
Andrena subopaca,2010,0.322803111,0,0,1
Andrena subopaca,2011,0.259783519,0,0,1
Andrena subopaca,2012,0.228086678,0,0,1
Andrena subopaca,2013,0.24923413,0,0,1
Andrena subopaca,2014,0.252749566,0,0,1
Andrena subopaca,2015,0.262829994,0,0,1
Anthophora plumipes,1985,0.091125332,0,0,1
Anthophora plumipes,1986,0.081093975,0,0,1
Anthophora plumipes,1987,0.071349443,0,0,1
Anthophora plumipes,1988,0.082071562,0,0,1
Anthophora plumipes,1989,0.093693583,0,0,1
Anthophora plumipes,1990,0.109335321,0,0,1
Anthophora plumipes,1991,0.12980058,0,0,1
Anthophora plumipes,1992,0.121687562,0,0,1
Anthophora plumipes,1993,0.140017765,0,0,1
Anthophora plumipes,1994,0.181138118,0,0,1
Anthophora plumipes,1995,0.130165231,0,0,1
Anthophora plumipes,1996,0.137960608,0,0,1
Anthophora plumipes,1997,0.170621283,0,0,1
Anthophora plumipes,1998,0.133595076,0,0,1
Anthophora plumipes,1999,0.152300287,0,0,1
Anthophora plumipes,2000,0.172807737,0,0,1
Anthophora plumipes,2001,0.193130991,0,0,1
Anthophora plumipes,2002,0.183421323,0,0,1
Anthophora plumipes,2003,0.190671438,0,0,1
Anthophora plumipes,2004,0.193690469,0,0,1
Anthophora plumipes,2005,0.213408295,0,0,1
Anthophora plumipes,2006,0.183609899,0,0,1
Anthophora plumipes,2007,0.228797351,0,0,1
Anthophora plumipes,2008,0.197333256,0,0,1
Anthophora plumipes,2009,0.212917701,0,0,1
Anthophora plumipes,2010,0.20171619,0,0,1
Anthophora plumipes,2011,0.241426731,0,0,1
Anthophora plumipes,2012,0.243163043,0,0,1
Anthophora plumipes,2013,0.259503573,0,0,1
Anthophora plumipes,2014,0.256954977,0,0,1
Anthophora plumipes,2015,0.273768896,0,0,1
Bombus hortorum,1985,0.471876435,1,1,1
Bombus hortorum,1986,0.466408408,1,1,1
Bombus hortorum,1987,0.482913189,1,1,1
Bombus hortorum,1988,0.46965438,1,1,1
Bombus hortorum,1989,0.443557794,1,1,1
Bombus hortorum,1990,0.42413816,1,1,1
Bombus hortorum,1991,0.454111505,1,1,1
Bombus hortorum,1992,0.51080915,1,1,1
Bombus hortorum,1993,0.515473909,1,1,1
Bombus hortorum,1994,0.520491521,1,1,1
Bombus hortorum,1995,0.527841078,1,1,1
Bombus hortorum,1996,0.517608395,1,1,1
Bombus hortorum,1997,0.522744201,1,1,1
Bombus hortorum,1998,0.574169217,1,1,1
Bombus hortorum,1999,0.618018471,1,1,1
Bombus hortorum,2000,0.54761647,1,1,1
Bombus hortorum,2001,0.56650086,1,1,1
Bombus hortorum,2002,0.571821964,1,1,1
Bombus hortorum,2003,0.556482228,1,1,1
Bombus hortorum,2004,0.556985572,1,1,1
Bombus hortorum,2005,0.5795024,1,1,1
Bombus hortorum,2006,0.571377204,1,1,1
Bombus hortorum,2007,0.544676474,1,1,1
Bombus hortorum,2008,0.577228402,1,1,1
Bombus hortorum,2009,0.604692526,1,1,1
Bombus hortorum,2010,0.608000535,1,1,1
Bombus hortorum,2011,0.620415301,1,1,1
Bombus hortorum,2012,0.622027251,1,1,1
Bombus hortorum,2013,0.618612854,1,1,1
Bombus hortorum,2014,0.569233181,1,1,1
Bombus hortorum,2015,0.611366341,1,1,1
Bombus hypnorum,1985,,1,1,1
Bombus hypnorum,1986,,1,1,1
Bombus hypnorum,1987,,1,1,1
Bombus hypnorum,1988,,1,1,1
Bombus hypnorum,1989,,1,1,1
Bombus hypnorum,1990,,1,1,1
Bombus hypnorum,1991,,1,1,1
Bombus hypnorum,1992,,1,1,1
Bombus hypnorum,1993,,1,1,1
Bombus hypnorum,1994,,1,1,1
Bombus hypnorum,1995,,1,1,1
Bombus hypnorum,1996,,1,1,1
Bombus hypnorum,1997,,1,1,1
Bombus hypnorum,1998,,1,1,1
Bombus hypnorum,1999,,1,1,1
Bombus hypnorum,2000,,1,1,1
Bombus hypnorum,2001,0.142953788,1,1,1
Bombus hypnorum,2002,0.077110514,1,1,1
Bombus hypnorum,2003,0.054716433,1,1,1
Bombus hypnorum,2004,0.039785981,1,1,1
Bombus hypnorum,2005,0.01411667,1,1,1
Bombus hypnorum,2006,0.032987747,1,1,1
Bombus hypnorum,2007,0.072624155,1,1,1
Bombus hypnorum,2008,0.090717704,1,1,1
Bombus hypnorum,2009,0.385925258,1,1,1
Bombus hypnorum,2010,0.505013547,1,1,1
Bombus hypnorum,2011,0.629088773,1,1,1
Bombus hypnorum,2012,0.664076426,1,1,1
Bombus hypnorum,2013,0.702537176,1,1,1
Bombus hypnorum,2014,0.746316313,1,1,1
Bombus hypnorum,2015,0.741069002,1,1,1
Bombus lapidarius,1985,0.524032524,1,1,1
Bombus lapidarius,1986,0.494473149,1,1,1
Bombus lapidarius,1987,0.514976559,1,1,1
Bombus lapidarius,1988,0.515035988,1,1,1
Bombus lapidarius,1989,0.505178635,1,1,1
Bombus lapidarius,1990,0.468647377,1,1,1
Bombus lapidarius,1991,0.490507505,1,1,1
Bombus lapidarius,1992,0.541396043,1,1,1
Bombus lapidarius,1993,0.594156045,1,1,1
Bombus lapidarius,1994,0.650732267,1,1,1
Bombus lapidarius,1995,0.665293258,1,1,1
Bombus lapidarius,1996,0.69772955,1,1,1
Bombus lapidarius,1997,0.717389935,1,1,1
Bombus lapidarius,1998,0.747422642,1,1,1
Bombus lapidarius,1999,0.736497649,1,1,1
Bombus lapidarius,2000,0.733621518,1,1,1
Bombus lapidarius,2001,0.750334282,1,1,1
Bombus lapidarius,2002,0.766012275,1,1,1
Bombus lapidarius,2003,0.766108305,1,1,1
Bombus lapidarius,2004,0.739565759,1,1,1
Bombus lapidarius,2005,0.734390941,1,1,1
Bombus lapidarius,2006,0.76847124,1,1,1
Bombus lapidarius,2007,0.750871356,1,1,1
Bombus lapidarius,2008,0.719480392,1,1,1
Bombus lapidarius,2009,0.758843321,1,1,1
Bombus lapidarius,2010,0.780249432,1,1,1
Bombus lapidarius,2011,0.77824782,1,1,1
Bombus lapidarius,2012,0.774893191,1,1,1
Bombus lapidarius,2013,0.823203155,1,1,1
Bombus lapidarius,2014,0.780392812,1,1,1
Bombus lapidarius,2015,0.81968757,1,1,1
Bombus pascuorum,1985,0.569651042,1,1,1
Bombus pascuorum,1986,0.520209588,1,1,1
Bombus pascuorum,1987,0.534593909,1,1,1
Bombus pascuorum,1988,0.55536343,1,1,1
Bombus pascuorum,1989,0.563235481,1,1,1
Bombus pascuorum,1990,0.52138009,1,1,1
Bombus pascuorum,1991,0.553606048,1,1,1
Bombus pascuorum,1992,0.617154914,1,1,1
Bombus pascuorum,1993,0.634103636,1,1,1
Bombus pascuorum,1994,0.690355296,1,1,1
Bombus pascuorum,1995,0.66845691,1,1,1
Bombus pascuorum,1996,0.66677351,1,1,1
Bombus pascuorum,1997,0.740332705,1,1,1
Bombus pascuorum,1998,0.799421177,1,1,1
Bombus pascuorum,1999,0.795930653,1,1,1
Bombus pascuorum,2000,0.813351432,1,1,1
Bombus pascuorum,2001,0.818455802,1,1,1
Bombus pascuorum,2002,0.810174451,1,1,1
Bombus pascuorum,2003,0.828223333,1,1,1
Bombus pascuorum,2004,0.795741456,1,1,1
Bombus pascuorum,2005,0.758879195,1,1,1
Bombus pascuorum,2006,0.75439152,1,1,1
Bombus pascuorum,2007,0.710200052,1,1,1
Bombus pascuorum,2008,0.736469301,1,1,1
Bombus pascuorum,2009,0.746528402,1,1,1
Bombus pascuorum,2010,0.773204609,1,1,1
Bombus pascuorum,2011,0.781625548,1,1,1
Bombus pascuorum,2012,0.787901562,1,1,1
Bombus pascuorum,2013,0.784653412,1,1,1
Bombus pascuorum,2014,0.775624148,1,1,1
Bombus pascuorum,2015,0.797458776,1,1,1
Bombus pratorum,1985,0.506751209,1,1,1
Bombus pratorum,1986,0.508796104,1,1,1
Bombus pratorum,1987,0.573647096,1,1,1
Bombus pratorum,1988,0.536115301,1,1,1
Bombus pratorum,1989,0.54326157,1,1,1
Bombus pratorum,1990,0.486570548,1,1,1
Bombus pratorum,1991,0.476113828,1,1,1
Bombus pratorum,1992,0.58019158,1,1,1
Bombus pratorum,1993,0.578073852,1,1,1
Bombus pratorum,1994,0.539824894,1,1,1
Bombus pratorum,1995,0.590212175,1,1,1
Bombus pratorum,1996,0.614144329,1,1,1
Bombus pratorum,1997,0.654725216,1,1,1
Bombus pratorum,1998,0.696840774,1,1,1
Bombus pratorum,1999,0.699781259,1,1,1
Bombus pratorum,2000,0.742603318,1,1,1
Bombus pratorum,2001,0.694081571,1,1,1
Bombus pratorum,2002,0.727705494,1,1,1
Bombus pratorum,2003,0.697855162,1,1,1
Bombus pratorum,2004,0.654168529,1,1,1
Bombus pratorum,2005,0.631448967,1,1,1
Bombus pratorum,2006,0.681185442,1,1,1
Bombus pratorum,2007,0.606454322,1,1,1
Bombus pratorum,2008,0.596444747,1,1,1
Bombus pratorum,2009,0.644783514,1,1,1
Bombus pratorum,2010,0.62012003,1,1,1
Bombus pratorum,2011,0.655001262,1,1,1
Bombus pratorum,2012,0.624485562,1,1,1
Bombus pratorum,2013,0.711078114,1,1,1
Bombus pratorum,2014,0.712772152,1,1,1
Bombus pratorum,2015,0.728246972,1,1,1
Bombus terrestris,1985,0.518952867,1,1,1
Bombus terrestris,1986,0.497030753,1,1,1
Bombus terrestris,1987,0.527429319,1,1,1
Bombus terrestris,1988,0.506386343,1,1,1
Bombus terrestris,1989,0.478782862,1,1,1
Bombus terrestris,1990,0.396701316,1,1,1
Bombus terrestris,1991,0.483530372,1,1,1
Bombus terrestris,1992,0.507571349,1,1,1
Bombus terrestris,1993,0.551027787,1,1,1
Bombus terrestris,1994,0.569555532,1,1,1
Bombus terrestris,1995,0.510051699,1,1,1
Bombus terrestris,1996,0.572903538,1,1,1
Bombus terrestris,1997,0.64433319,1,1,1
Bombus terrestris,1998,0.711967428,1,1,1
Bombus terrestris,1999,0.715373206,1,1,1
Bombus terrestris,2000,0.724055818,1,1,1
Bombus terrestris,2001,0.708549206,1,1,1
Bombus terrestris,2002,0.753257737,1,1,1
Bombus terrestris,2003,0.742203745,1,1,1
Bombus terrestris,2004,0.729063379,1,1,1
Bombus terrestris,2005,0.697261376,1,1,1
Bombus terrestris,2006,0.666855276,1,1,1
Bombus terrestris,2007,0.69595406,1,1,1
Bombus terrestris,2008,0.637138944,1,1,1
Bombus terrestris,2009,0.66852605,1,1,1
Bombus terrestris,2010,0.641660456,1,1,1
Bombus terrestris,2011,0.629209675,1,1,1
Bombus terrestris,2012,0.687417295,1,1,1
Bombus terrestris,2013,0.747792831,1,1,1
Bombus terrestris,2014,0.714982012,1,1,1
Bombus terrestris,2015,0.691223961,1,1,1
Halictus rubicundus,1985,0.62141467,0,0,1
Halictus rubicundus,1986,0.640660639,0,0,1
Halictus rubicundus,1987,0.637331485,0,0,1
Halictus rubicundus,1988,0.627533602,0,0,1
Halictus rubicundus,1989,0.623724891,0,0,1
Halictus rubicundus,1990,0.622808636,0,0,1
Halictus rubicundus,1991,0.585540171,0,0,1
Halictus rubicundus,1992,0.553582758,0,0,1
Halictus rubicundus,1993,0.526889165,0,0,1
Halictus rubicundus,1994,0.519474608,0,0,1
Halictus rubicundus,1995,0.491398921,0,0,1
Halictus rubicundus,1996,0.479251756,0,0,1
Halictus rubicundus,1997,0.444455801,0,0,1
Halictus rubicundus,1998,0.415451714,0,0,1
Halictus rubicundus,1999,0.362184262,0,0,1
Halictus rubicundus,2000,0.333904443,0,0,1
Halictus rubicundus,2001,0.344544622,0,0,1
Halictus rubicundus,2002,0.341846089,0,0,1
Halictus rubicundus,2003,0.345973071,0,0,1
Halictus rubicundus,2004,0.35368876,0,0,1
Halictus rubicundus,2005,0.407942741,0,0,1
Halictus rubicundus,2006,0.40244779,0,0,1
Halictus rubicundus,2007,0.359364662,0,0,1
Halictus rubicundus,2008,0.336669301,0,0,1
Halictus rubicundus,2009,0.304092411,0,0,1
Halictus rubicundus,2010,0.301761095,0,0,1
Halictus rubicundus,2011,0.308595734,0,0,1
Halictus rubicundus,2012,0.304798439,0,0,1
Halictus rubicundus,2013,0.307934968,0,0,1
Halictus rubicundus,2014,0.345581596,0,0,1
Halictus rubicundus,2015,0.402455456,0,0,1
Halictus tumulorum,1985,0.585012237,0,0,1
Halictus tumulorum,1986,0.522564392,0,0,1
Halictus tumulorum,1987,0.537197496,0,0,1
Halictus tumulorum,1988,0.564475396,0,0,1
Halictus tumulorum,1989,0.588678414,0,0,1
Halictus tumulorum,1990,0.577313156,0,0,1
Halictus tumulorum,1991,0.526582395,0,0,1
Halictus tumulorum,1992,0.474286387,0,0,1
Halictus tumulorum,1993,0.499411289,0,0,1
Halictus tumulorum,1994,0.544741871,0,0,1
Halictus tumulorum,1995,0.566204629,0,0,1
Halictus tumulorum,1996,0.508909588,0,0,1
Halictus tumulorum,1997,0.48819615,0,0,1
Halictus tumulorum,1998,0.444486517,0,0,1
Halictus tumulorum,1999,0.492865902,0,0,1
Halictus tumulorum,2000,0.521804193,0,0,1
Halictus tumulorum,2001,0.479534128,0,0,1
Halictus tumulorum,2002,0.388562408,0,0,1
Halictus tumulorum,2003,0.445214096,0,0,1
Halictus tumulorum,2004,0.468218322,0,0,1
Halictus tumulorum,2005,0.466449779,0,0,1
Halictus tumulorum,2006,0.509993339,0,0,1
Halictus tumulorum,2007,0.459745845,0,0,1
Halictus tumulorum,2008,0.464573804,0,0,1
Halictus tumulorum,2009,0.388505919,0,0,1
Halictus tumulorum,2010,0.346099884,0,0,1
Halictus tumulorum,2011,0.354909922,0,0,1
Halictus tumulorum,2012,0.407629819,0,0,1
Halictus tumulorum,2013,0.341265732,0,0,1
Halictus tumulorum,2014,0.44909742,0,0,1
Halictus tumulorum,2015,0.483945932,0,0,1
Lasioglossum albipes,1985,0.402867894,0,0,1
Lasioglossum albipes,1986,0.460857878,0,0,1
Lasioglossum albipes,1987,0.474819784,0,0,1
Lasioglossum albipes,1988,0.489938274,0,0,1
Lasioglossum albipes,1989,0.52231335,0,0,1
Lasioglossum albipes,1990,0.416318227,0,0,1
Lasioglossum albipes,1991,0.400330591,0,0,1
Lasioglossum albipes,1992,0.411134385,0,0,1
Lasioglossum albipes,1993,0.430467914,0,0,1
Lasioglossum albipes,1994,0.469170517,0,0,1
Lasioglossum albipes,1995,0.465733923,0,0,1
Lasioglossum albipes,1996,0.428749063,0,0,1
Lasioglossum albipes,1997,0.350977759,0,0,1
Lasioglossum albipes,1998,0.324315346,0,0,1
Lasioglossum albipes,1999,0.339458947,0,0,1
Lasioglossum albipes,2000,0.36763814,0,0,1
Lasioglossum albipes,2001,0.354758404,0,0,1
Lasioglossum albipes,2002,0.249816193,0,0,1
Lasioglossum albipes,2003,0.285885627,0,0,1
Lasioglossum albipes,2004,0.290010564,0,0,1
Lasioglossum albipes,2005,0.298984315,0,0,1
Lasioglossum albipes,2006,0.277697334,0,0,1
Lasioglossum albipes,2007,0.297373806,0,0,1
Lasioglossum albipes,2008,0.337507275,0,0,1
Lasioglossum albipes,2009,0.278387781,0,0,1
Lasioglossum albipes,2010,0.292681502,0,0,1
Lasioglossum albipes,2011,0.287581586,0,0,1
Lasioglossum albipes,2012,0.198503873,0,0,1
Lasioglossum albipes,2013,0.161017416,0,0,1
Lasioglossum albipes,2014,0.214878902,0,0,1
Lasioglossum albipes,2015,0.275720345,0,0,1
Lasioglossum calceatum,1985,0.665983787,1,0,1
Lasioglossum calceatum,1986,0.662636295,1,0,1
Lasioglossum calceatum,1987,0.653189435,1,0,1
Lasioglossum calceatum,1988,0.642096341,1,0,1
Lasioglossum calceatum,1989,0.639794209,1,0,1
Lasioglossum calceatum,1990,0.623581734,1,0,1
Lasioglossum calceatum,1991,0.603043916,1,0,1
Lasioglossum calceatum,1992,0.601444956,1,0,1
Lasioglossum calceatum,1993,0.607392731,1,0,1
Lasioglossum calceatum,1994,0.602498215,1,0,1
Lasioglossum calceatum,1995,0.60842925,1,0,1
Lasioglossum calceatum,1996,0.602845603,1,0,1
Lasioglossum calceatum,1997,0.585479749,1,0,1
Lasioglossum calceatum,1998,0.570695963,1,0,1
Lasioglossum calceatum,1999,0.576747784,1,0,1
Lasioglossum calceatum,2000,0.555250079,1,0,1
Lasioglossum calceatum,2001,0.573368268,1,0,1
Lasioglossum calceatum,2002,0.578560836,1,0,1
Lasioglossum calceatum,2003,0.588257572,1,0,1
Lasioglossum calceatum,2004,0.596371517,1,0,1
Lasioglossum calceatum,2005,0.628683612,1,0,1
Lasioglossum calceatum,2006,0.616385401,1,0,1
Lasioglossum calceatum,2007,0.624049395,1,0,1
Lasioglossum calceatum,2008,0.6297363,1,0,1
Lasioglossum calceatum,2009,0.628621957,1,0,1
Lasioglossum calceatum,2010,0.623907671,1,0,1
Lasioglossum calceatum,2011,0.619480393,1,0,1
Lasioglossum calceatum,2012,0.622106615,1,0,1
Lasioglossum calceatum,2013,0.622863842,1,0,1
Lasioglossum calceatum,2014,0.616363925,1,0,1
Lasioglossum calceatum,2015,0.610703224,1,0,1
Lasioglossum fulvicorne ,1985,0.154567935,0,0,1
Lasioglossum fulvicorne ,1986,0.148490275,0,0,1
Lasioglossum fulvicorne ,1987,0.135959517,0,0,1
Lasioglossum fulvicorne ,1988,0.132413771,0,0,1
Lasioglossum fulvicorne ,1989,0.129074301,0,0,1
Lasioglossum fulvicorne ,1990,0.125518934,0,0,1
Lasioglossum fulvicorne ,1991,0.12624816,0,0,1
Lasioglossum fulvicorne ,1992,0.127535829,0,0,1
Lasioglossum fulvicorne ,1993,0.12540483,0,0,1
Lasioglossum fulvicorne ,1994,0.132446962,0,0,1
Lasioglossum fulvicorne ,1995,0.135660306,0,0,1
Lasioglossum fulvicorne ,1996,0.140214181,0,0,1
Lasioglossum fulvicorne ,1997,0.133390637,0,0,1
Lasioglossum fulvicorne ,1998,0.125190613,0,0,1
Lasioglossum fulvicorne ,1999,0.126042587,0,0,1
Lasioglossum fulvicorne ,2000,0.128462184,0,0,1
Lasioglossum fulvicorne ,2001,0.123355066,0,0,1
Lasioglossum fulvicorne ,2002,0.109989007,0,0,1
Lasioglossum fulvicorne ,2003,0.109567354,0,0,1
Lasioglossum fulvicorne ,2004,0.094927296,0,0,1
Lasioglossum fulvicorne ,2005,0.106346071,0,0,1
Lasioglossum fulvicorne ,2006,0.114469628,0,0,1
Lasioglossum fulvicorne ,2007,0.121483015,0,0,1
Lasioglossum fulvicorne ,2008,0.11625329,0,0,1
Lasioglossum fulvicorne ,2009,0.112906501,0,0,1
Lasioglossum fulvicorne ,2010,0.107740997,0,0,1
Lasioglossum fulvicorne ,2011,0.110357334,0,0,1
Lasioglossum fulvicorne ,2012,0.1013235,0,0,1
Lasioglossum fulvicorne ,2013,0.098129745,0,0,1
Lasioglossum fulvicorne ,2014,0.106617655,0,0,1
Lasioglossum fulvicorne ,2015,0.114958517,0,0,1
Lasioglossum leucopus,1985,0.544412623,0,0,1
Lasioglossum leucopus,1986,0.541926378,0,0,1
Lasioglossum leucopus,1987,0.527516251,0,0,1
Lasioglossum leucopus,1988,0.489865252,0,0,1
Lasioglossum leucopus,1989,0.477953275,0,0,1
Lasioglossum leucopus,1990,0.460061068,0,0,1
Lasioglossum leucopus,1991,0.432480794,0,0,1
Lasioglossum leucopus,1992,0.423809508,0,0,1
Lasioglossum leucopus,1993,0.39351916,0,0,1
Lasioglossum leucopus,1994,0.356009669,0,0,1
Lasioglossum leucopus,1995,0.361110653,0,0,1
Lasioglossum leucopus,1996,0.32237043,0,0,1
Lasioglossum leucopus,1997,0.293387613,0,0,1
Lasioglossum leucopus,1998,0.28277117,0,0,1
Lasioglossum leucopus,1999,0.28038344,0,0,1
Lasioglossum leucopus,2000,0.289291645,0,0,1
Lasioglossum leucopus,2001,0.276674038,0,0,1
Lasioglossum leucopus,2002,0.234929149,0,0,1
Lasioglossum leucopus,2003,0.244718587,0,0,1
Lasioglossum leucopus,2004,0.261657142,0,0,1
Lasioglossum leucopus,2005,0.270985419,0,0,1
Lasioglossum leucopus,2006,0.286384798,0,0,1
Lasioglossum leucopus,2007,0.276334862,0,0,1
Lasioglossum leucopus,2008,0.279633739,0,0,1
Lasioglossum leucopus,2009,0.248122643,0,0,1
Lasioglossum leucopus,2010,0.230531171,0,0,1
Lasioglossum leucopus,2011,0.250358118,0,0,1
Lasioglossum leucopus,2012,0.251376911,0,0,1
Lasioglossum leucopus,2013,0.251267335,0,0,1
Lasioglossum leucopus,2014,0.242135525,0,0,1
Lasioglossum leucopus,2015,0.219371189,0,0,1
Lasioglossum leucozonium,1985,0.569190907,0,0,1
Lasioglossum leucozonium,1986,0.54490123,0,0,1
Lasioglossum leucozonium,1987,0.525440763,0,0,1
Lasioglossum leucozonium,1988,0.513239179,0,0,1
Lasioglossum leucozonium,1989,0.500666089,0,0,1
Lasioglossum leucozonium,1990,0.486411115,0,0,1
Lasioglossum leucozonium,1991,0.474959521,0,0,1
Lasioglossum leucozonium,1992,0.494395308,0,0,1
Lasioglossum leucozonium,1993,0.496254765,0,0,1
Lasioglossum leucozonium,1994,0.519835177,0,0,1
Lasioglossum leucozonium,1995,0.500790948,0,0,1
Lasioglossum leucozonium,1996,0.482828451,0,0,1
Lasioglossum leucozonium,1997,0.474889396,0,0,1
Lasioglossum leucozonium,1998,0.476778353,0,0,1
Lasioglossum leucozonium,1999,0.455142567,0,0,1
Lasioglossum leucozonium,2000,0.431232874,0,0,1
Lasioglossum leucozonium,2001,0.441023637,0,0,1
Lasioglossum leucozonium,2002,0.418626485,0,0,1
Lasioglossum leucozonium,2003,0.408348324,0,0,1
Lasioglossum leucozonium,2004,0.415310371,0,0,1
Lasioglossum leucozonium,2005,0.397266895,0,0,1
Lasioglossum leucozonium,2006,0.380838026,0,0,1
Lasioglossum leucozonium,2007,0.373126037,0,0,1
Lasioglossum leucozonium,2008,0.367058726,0,0,1
Lasioglossum leucozonium,2009,0.352785952,0,0,1
Lasioglossum leucozonium,2010,0.335609592,0,0,1
Lasioglossum leucozonium,2011,0.340408798,0,0,1
Lasioglossum leucozonium,2012,0.335762369,0,0,1
Lasioglossum leucozonium,2013,0.315209126,0,0,1
Lasioglossum leucozonium,2014,0.321820076,0,0,1
Lasioglossum leucozonium,2015,0.34684162,0,0,1
Lasioglossum malachurum,1985,0.155973865,0,0,1
Lasioglossum malachurum,1986,0.133385148,0,0,1
Lasioglossum malachurum,1987,0.124797432,0,0,1
Lasioglossum malachurum,1988,0.112972478,0,0,1
Lasioglossum malachurum,1989,0.096364265,0,0,1
Lasioglossum malachurum,1990,0.099711177,0,0,1
Lasioglossum malachurum,1991,0.124630614,0,0,1
Lasioglossum malachurum,1992,0.138313468,0,0,1
Lasioglossum malachurum,1993,0.199972087,0,0,1
Lasioglossum malachurum,1994,0.228994173,0,0,1
Lasioglossum malachurum,1995,0.262410411,0,0,1
Lasioglossum malachurum,1996,0.290900738,0,0,1
Lasioglossum malachurum,1997,0.253051344,0,0,1
Lasioglossum malachurum,1998,0.286537285,0,0,1
Lasioglossum malachurum,1999,0.269591072,0,0,1
Lasioglossum malachurum,2000,0.28629304,0,0,1
Lasioglossum malachurum,2001,0.311171527,0,0,1
Lasioglossum malachurum,2002,0.254089005,0,0,1
Lasioglossum malachurum,2003,0.245805253,0,0,1
Lasioglossum malachurum,2004,0.303851179,0,0,1
Lasioglossum malachurum,2005,0.333184978,0,0,1
Lasioglossum malachurum,2006,0.258630785,0,0,1
Lasioglossum malachurum,2007,0.235398184,0,0,1
Lasioglossum malachurum,2008,0.153247911,0,0,1
Lasioglossum malachurum,2009,0.162997112,0,0,1
Lasioglossum malachurum,2010,0.171888875,0,0,1
Lasioglossum malachurum,2011,0.131195341,0,0,1
Lasioglossum malachurum,2012,0.111930057,0,0,1
Lasioglossum malachurum,2013,0.113780308,0,0,1
Lasioglossum malachurum,2014,0.157520127,0,0,1
Lasioglossum malachurum,2015,0.191241836,0,0,1
Lasioglossum morio,1985,0.439700458,0,0,1
Lasioglossum morio,1986,0.432892082,0,0,1
Lasioglossum morio,1987,0.433983458,0,0,1
Lasioglossum morio,1988,0.435367531,0,0,1
Lasioglossum morio,1989,0.439596968,0,0,1
Lasioglossum morio,1990,0.4453192,0,0,1
Lasioglossum morio,1991,0.436910341,0,0,1
Lasioglossum morio,1992,0.436051801,0,0,1
Lasioglossum morio,1993,0.443654264,0,0,1
Lasioglossum morio,1994,0.443669323,0,0,1
Lasioglossum morio,1995,0.441098605,0,0,1
Lasioglossum morio,1996,0.44401701,0,0,1
Lasioglossum morio,1997,0.440646973,0,0,1
Lasioglossum morio,1998,0.429669035,0,0,1
Lasioglossum morio,1999,0.421423706,0,0,1
Lasioglossum morio,2000,0.421028282,0,0,1
Lasioglossum morio,2001,0.427771816,0,0,1
Lasioglossum morio,2002,0.43485248,0,0,1
Lasioglossum morio,2003,0.44020194,0,0,1
Lasioglossum morio,2004,0.429032974,0,0,1
Lasioglossum morio,2005,0.42908905,0,0,1
Lasioglossum morio,2006,0.419240324,0,0,1
Lasioglossum morio,2007,0.415241786,0,0,1
Lasioglossum morio,2008,0.407404831,0,0,1
Lasioglossum morio,2009,0.406497584,0,0,1
Lasioglossum morio,2010,0.403773469,0,0,1
Lasioglossum morio,2011,0.404248225,0,0,1
Lasioglossum morio,2012,0.390244591,0,0,1
Lasioglossum morio,2013,0.382141947,0,0,1
Lasioglossum morio,2014,0.392361781,0,0,1
Lasioglossum morio,2015,0.403976691,0,0,1
Lasioglossum pauxillum,1985,0.036592574,1,0,1
Lasioglossum pauxillum,1986,0.038929677,1,0,1
Lasioglossum pauxillum,1987,0.04009555,1,0,1
Lasioglossum pauxillum,1988,0.037768928,1,0,1
Lasioglossum pauxillum,1989,0.037127884,1,0,1
Lasioglossum pauxillum,1990,0.037897646,1,0,1
Lasioglossum pauxillum,1991,0.034747464,1,0,1
Lasioglossum pauxillum,1992,0.036543495,1,0,1
Lasioglossum pauxillum,1993,0.040813078,1,0,1
Lasioglossum pauxillum,1994,0.050031291,1,0,1
Lasioglossum pauxillum,1995,0.064134167,1,0,1
Lasioglossum pauxillum,1996,0.069879259,1,0,1
Lasioglossum pauxillum,1997,0.106483804,1,0,1
Lasioglossum pauxillum,1998,0.14448826,1,0,1
Lasioglossum pauxillum,1999,0.182267132,1,0,1
Lasioglossum pauxillum,2000,0.195404328,1,0,1
Lasioglossum pauxillum,2001,0.20481687,1,0,1
Lasioglossum pauxillum,2002,0.207980713,1,0,1
Lasioglossum pauxillum,2003,0.220646108,1,0,1
Lasioglossum pauxillum,2004,0.279940054,1,0,1
Lasioglossum pauxillum,2005,0.31543457,1,0,1
Lasioglossum pauxillum,2006,0.31281161,1,0,1
Lasioglossum pauxillum,2007,0.256705491,1,0,1
Lasioglossum pauxillum,2008,0.259974595,1,0,1
Lasioglossum pauxillum,2009,0.237078296,1,0,1
Lasioglossum pauxillum,2010,0.221786903,1,0,1
Lasioglossum pauxillum,2011,0.207475423,1,0,1
Lasioglossum pauxillum,2012,0.178650002,1,0,1
Lasioglossum pauxillum,2013,0.173537676,1,0,1
Lasioglossum pauxillum,2014,0.175924727,1,0,1
Lasioglossum pauxillum,2015,0.195169305,1,0,1
Osmia bicornis,1985,0.269361464,1,0,1
Osmia bicornis,1986,0.266154926,1,0,1
Osmia bicornis,1987,0.259845373,1,0,1
Osmia bicornis,1988,0.261878222,1,0,1
Osmia bicornis,1989,0.283564114,1,0,1
Osmia bicornis,1990,0.332484099,1,0,1
Osmia bicornis,1991,0.354534351,1,0,1
Osmia bicornis,1992,0.347072354,1,0,1
Osmia bicornis,1993,0.366623206,1,0,1
Osmia bicornis,1994,0.377412088,1,0,1
Osmia bicornis,1995,0.375604682,1,0,1
Osmia bicornis,1996,0.376135969,1,0,1
Osmia bicornis,1997,0.398863876,1,0,1
Osmia bicornis,1998,0.396023288,1,0,1
Osmia bicornis,1999,0.404414356,1,0,1
Osmia bicornis,2000,0.385184416,1,0,1
Osmia bicornis,2001,0.379667707,1,0,1
Osmia bicornis,2002,0.363011482,1,0,1
Osmia bicornis,2003,0.33325382,1,0,1
Osmia bicornis,2004,0.318531855,1,0,1
Osmia bicornis,2005,0.309172738,1,0,1
Osmia bicornis,2006,0.262154931,1,0,1
Osmia bicornis,2007,0.240711016,1,0,1
Osmia bicornis,2008,0.265333535,1,0,1
Osmia bicornis,2009,0.247752735,1,0,1
Osmia bicornis,2010,0.232174971,1,0,1
Osmia bicornis,2011,0.275392437,1,0,1
Osmia bicornis,2012,0.271099995,1,0,1
Osmia bicornis,2013,0.324715282,1,0,1
Osmia bicornis,2014,0.307758703,1,0,1
Osmia bicornis,2015,0.317405979,1,0,1
